{
    "scripts": [
        {
            "name": "Docs Online Viewer",
            "charset": "UTF-8",
            "run-at-startup": true,
            "run-when": "ready",
            "include": [
                "*",
                "https://docs.google.com/*"
            ],
            "exclude": [
                "http://www.mediafire.com/*",
                "https://mail.google.com/*"
            ],
            "paths": [
                "content/127774.user.js"
            ]
        }
    ],
    "scriptify-version": "0.2.7"
}